{"cameraMode":{"drawMode":0,"name":"Shaded","section":"Shading Mode"},"sceneLighting":false,"audioPlay":false,"sceneViewState":{"showFog":true,"showMaterialUpdate":true,"showSkybox":false,"showFlares":true,"showImageEffects":true,"showParticleSystems":true,"showVisualEffectGraphs":true,"m_FxEnabled":true},"in2DMode":false,"pivot":{"x":8.096197128295899,"y":24.615846633911134,"z":6.095042705535889},"rotation":{"x":0.19011171162128449,"y":-0.7934700846672058,"z":0.30849725008010867,"w":0.48898905515670779},"size":1.8064731359481812,"orthographic":false}